[{"model": "admin.logentry", "pk": 1, "fields": {"action_time": "2024-07-28T22:12:07.876Z", "user": 1, "content_type": 8, "object_id": "1", "object_repr": "Experience object (1)", "action_flag": 1, "change_message": "[{\"added\": {}}]"}}, {"model": "admin.logentry", "pk": 2, "fields": {"action_time": "2024-07-28T22:14:59.980Z", "user": 1, "content_type": 8, "object_id": "1", "object_repr": "Experience object (1)", "action_flag": 2, "change_message": "[{\"changed\": {\"fields\": [\"Company\"]}}]"}}, {"model": "admin.logentry", "pk": 3, "fields": {"action_time": "2024-07-28T22:16:15.150Z", "user": 1, "content_type": 8, "object_id": "2", "object_repr": "Experience object (2)", "action_flag": 1, "change_message": "[{\"added\": {}}]"}}, {"model": "admin.logentry", "pk": 4, "fields": {"action_time": "2024-07-28T22:18:01.345Z", "user": 1, "content_type": 8, "object_id": "2", "object_repr": "Experience object (2)", "action_flag": 2, "change_message": "[{\"changed\": {\"fields\": [\"End date\"]}}]"}}, {"model": "admin.logentry", "pk": 5, "fields": {"action_time": "2024-07-28T22:18:05.203Z", "user": 1, "content_type": 8, "object_id": "2", "object_repr": "Experience object (2)", "action_flag": 2, "change_message": "[]"}}, {"model": "admin.logentry", "pk": 6, "fields": {"action_time": "2024-07-28T22:21:55.812Z", "user": 1, "content_type": 8, "object_id": "3", "object_repr": "Experience object (3)", "action_flag": 1, "change_message": "[{\"added\": {}}]"}}, {"model": "admin.logentry", "pk": 7, "fields": {"action_time": "2024-07-28T22:23:35.073Z", "user": 1, "content_type": 8, "object_id": "4", "object_repr": "Experience object (4)", "action_flag": 1, "change_message": "[{\"added\": {}}]"}}, {"model": "admin.logentry", "pk": 8, "fields": {"action_time": "2024-07-28T22:24:41.746Z", "user": 1, "content_type": 8, "object_id": "5", "object_repr": "Experience object (5)", "action_flag": 1, "change_message": "[{\"added\": {}}]"}}, {"model": "admin.logentry", "pk": 9, "fields": {"action_time": "2024-07-28T22:26:16.651Z", "user": 1, "content_type": 8, "object_id": "5", "object_repr": "Experience object (5)", "action_flag": 2, "change_message": "[{\"changed\": {\"fields\": [\"Description\", \"Start date\", \"End date\"]}}]"}}, {"model": "admin.logentry", "pk": 10, "fields": {"action_time": "2024-07-28T22:27:15.893Z", "user": 1, "content_type": 8, "object_id": "6", "object_repr": "Experience object (6)", "action_flag": 1, "change_message": "[{\"added\": {}}]"}}, {"model": "admin.logentry", "pk": 11, "fields": {"action_time": "2024-07-28T22:27:55.836Z", "user": 1, "content_type": 8, "object_id": "7", "object_repr": "Experience object (7)", "action_flag": 1, "change_message": "[{\"added\": {}}]"}}, {"model": "admin.logentry", "pk": 12, "fields": {"action_time": "2024-07-29T08:52:34.151Z", "user": 1, "content_type": 7, "object_id": "1", "object_repr": "Ironhack at Data analytics Bootcamp", "action_flag": 1, "change_message": "[{\"added\": {}}]"}}, {"model": "admin.logentry", "pk": 13, "fields": {"action_time": "2024-07-29T08:53:42.465Z", "user": 1, "content_type": 7, "object_id": "2", "object_repr": "University of Milano, Bicocca at Ph.D. in Analysis of Social and Economic Processes", "action_flag": 1, "change_message": "[{\"added\": {}}]"}}, {"model": "admin.logentry", "pk": 14, "fields": {"action_time": "2024-07-29T08:56:32.552Z", "user": 1, "content_type": 7, "object_id": "3", "object_repr": "University of Milano, Bicocca at MA in Anthropology", "action_flag": 1, "change_message": "[{\"added\": {}}]"}}, {"model": "admin.logentry", "pk": 15, "fields": {"action_time": "2024-07-29T08:57:29.223Z", "user": 1, "content_type": 7, "object_id": "4", "object_repr": "University of Genova at BA in Psychology", "action_flag": 1, "change_message": "[{\"added\": {}}]"}}, {"model": "admin.logentry", "pk": 16, "fields": {"action_time": "2024-07-29T18:26:05.465Z", "user": 1, "content_type": 7, "object_id": "2", "object_repr": "University of Milano, Bicocca at Ph.D. in Analysis of Social and Economic Processes", "action_flag": 2, "change_message": "[{\"changed\": {\"fields\": [\"Ranking\"]}}]"}}, {"model": "admin.logentry", "pk": 17, "fields": {"action_time": "2024-07-29T18:26:10.768Z", "user": 1, "content_type": 7, "object_id": "1", "object_repr": "Ironhack at Data analytics Bootcamp", "action_flag": 2, "change_message": "[{\"changed\": {\"fields\": [\"Ranking\"]}}]"}}, {"model": "admin.logentry", "pk": 18, "fields": {"action_time": "2024-07-29T18:26:17.797Z", "user": 1, "content_type": 7, "object_id": "3", "object_repr": "University of Milano, Bicocca at MA in Anthropology", "action_flag": 2, "change_message": "[{\"changed\": {\"fields\": [\"Ranking\"]}}]"}}, {"model": "admin.logentry", "pk": 19, "fields": {"action_time": "2024-07-29T18:26:23.826Z", "user": 1, "content_type": 7, "object_id": "4", "object_repr": "University of Genova at BA in Psychology", "action_flag": 2, "change_message": "[{\"changed\": {\"fields\": [\"Ranking\"]}}]"}}, {"model": "admin.logentry", "pk": 20, "fields": {"action_time": "2024-07-29T18:26:37.075Z", "user": 1, "content_type": 8, "object_id": "1", "object_repr": "Data scientist - Renewable energy market at Noos Energy", "action_flag": 2, "change_message": "[{\"changed\": {\"fields\": [\"Ranking\"]}}]"}}, {"model": "admin.logentry", "pk": 21, "fields": {"action_time": "2024-07-29T18:26:45.362Z", "user": 1, "content_type": 8, "object_id": "2", "object_repr": "Data scientist - LLM for doctors at Nextage - freelance", "action_flag": 2, "change_message": "[{\"changed\": {\"fields\": [\"Ranking\"]}}]"}}, {"model": "admin.logentry", "pk": 22, "fields": {"action_time": "2024-07-29T18:26:52.334Z", "user": 1, "content_type": 8, "object_id": "3", "object_repr": "Postdoctoral researcher - economics/econometrics at University of Milan, Bicocca", "action_flag": 2, "change_message": "[{\"changed\": {\"fields\": [\"Ranking\"]}}]"}}, {"model": "admin.logentry", "pk": 23, "fields": {"action_time": "2024-07-29T18:26:59.083Z", "user": 1, "content_type": 8, "object_id": "4", "object_repr": "Teache assistant - data analytics bootcamp at Ironhack", "action_flag": 2, "change_message": "[{\"changed\": {\"fields\": [\"Ranking\"]}}]"}}, {"model": "admin.logentry", "pk": 24, "fields": {"action_time": "2024-07-29T18:27:04.913Z", "user": 1, "content_type": 8, "object_id": "6", "object_repr": "Data analyst - temporary research contract at Regione Lombardia", "action_flag": 2, "change_message": "[{\"changed\": {\"fields\": [\"Ranking\"]}}]"}}, {"model": "admin.logentry", "pk": 25, "fields": {"action_time": "2024-07-29T18:27:10.104Z", "user": 1, "content_type": 8, "object_id": "5", "object_repr": "Data analyst - temprary research contract at University of Milano, Bicocca", "action_flag": 2, "change_message": "[{\"changed\": {\"fields\": [\"Ranking\"]}}]"}}, {"model": "admin.logentry", "pk": 26, "fields": {"action_time": "2024-07-29T18:27:13.524Z", "user": 1, "content_type": 8, "object_id": "7", "object_repr": "Data analyst - temporary research contract at Piazza dei Mestieri", "action_flag": 2, "change_message": "[{\"changed\": {\"fields\": [\"Ranking\"]}}]"}}, {"model": "admin.logentry", "pk": 27, "fields": {"action_time": "2024-07-29T22:19:35.259Z", "user": 1, "content_type": 8, "object_id": "4", "object_repr": "Teacher assistant - data analytics bootcamp at Ironhack", "action_flag": 2, "change_message": "[{\"changed\": {\"fields\": [\"Title\"]}}]"}}, {"model": "admin.logentry", "pk": 28, "fields": {"action_time": "2024-07-29T22:19:43.880Z", "user": 1, "content_type": 8, "object_id": "5", "object_repr": "Data analyst - temprary research contract at University of Milano, Bicocca", "action_flag": 2, "change_message": "[{\"changed\": {\"fields\": [\"Ranking\"]}}]"}}, {"model": "admin.logentry", "pk": 29, "fields": {"action_time": "2024-07-29T22:19:54.154Z", "user": 1, "content_type": 8, "object_id": "7", "object_repr": "Data analyst - temporary research contract at Piazza dei Mestieri", "action_flag": 2, "change_message": "[{\"changed\": {\"fields\": [\"Ranking\"]}}]"}}, {"model": "admin.logentry", "pk": 30, "fields": {"action_time": "2024-07-29T22:20:01.151Z", "user": 1, "content_type": 8, "object_id": "5", "object_repr": "Data analyst - temprary research contract at University of Milano, Bicocca", "action_flag": 2, "change_message": "[{\"changed\": {\"fields\": [\"Ranking\"]}}]"}}, {"model": "admin.logentry", "pk": 31, "fields": {"action_time": "2024-07-29T22:20:05.714Z", "user": 1, "content_type": 8, "object_id": "6", "object_repr": "Data analyst - temporary research contract at Regione Lombardia", "action_flag": 2, "change_message": "[{\"changed\": {\"fields\": [\"Ranking\"]}}]"}}, {"model": "admin.logentry", "pk": 32, "fields": {"action_time": "2024-07-29T22:20:23.827Z", "user": 1, "content_type": 8, "object_id": "4", "object_repr": "Teacher assistant - data analytics bootcamp at Ironhack", "action_flag": 2, "change_message": "[{\"changed\": {\"fields\": [\"Ranking\"]}}]"}}, {"model": "admin.logentry", "pk": 33, "fields": {"action_time": "2024-07-29T22:20:28.483Z", "user": 1, "content_type": 8, "object_id": "3", "object_repr": "Postdoctoral researcher - economics/econometrics at University of Milan, Bicocca", "action_flag": 2, "change_message": "[{\"changed\": {\"fields\": [\"Ranking\"]}}]"}}, {"model": "admin.logentry", "pk": 34, "fields": {"action_time": "2024-07-29T22:28:24.915Z", "user": 1, "content_type": 7, "object_id": "1", "object_repr": "Ironhack at Data analytics Bootcamp", "action_flag": 2, "change_message": "[{\"changed\": {\"fields\": [\"Ranking\"]}}]"}}, {"model": "admin.logentry", "pk": 35, "fields": {"action_time": "2024-07-29T22:28:32.027Z", "user": 1, "content_type": 7, "object_id": "3", "object_repr": "University of Milano, Bicocca at MA in Anthropology", "action_flag": 2, "change_message": "[{\"changed\": {\"fields\": [\"Ranking\"]}}]"}}, {"model": "admin.logentry", "pk": 36, "fields": {"action_time": "2024-07-29T22:28:38.810Z", "user": 1, "content_type": 7, "object_id": "4", "object_repr": "University of Genova at BA in Psychology", "action_flag": 2, "change_message": "[{\"changed\": {\"fields\": [\"Ranking\"]}}]"}}, {"model": "admin.logentry", "pk": 37, "fields": {"action_time": "2024-07-29T22:28:44.123Z", "user": 1, "content_type": 7, "object_id": "2", "object_repr": "University of Milano, Bicocca at Ph.D. in Analysis of Social and Economic Processes", "action_flag": 2, "change_message": "[]"}}, {"model": "admin.logentry", "pk": 38, "fields": {"action_time": "2024-07-31T08:34:09.855Z", "user": 1, "content_type": 8, "object_id": "1", "object_repr": "Data scientist - Renewable energy market at Noos Energy", "action_flag": 2, "change_message": "[{\"added\": {\"name\": \"experience description\", \"object\": \"Increase the accuracy of energy forecasting by 2-4% with deep learning\"}}, {\"added\": {\"name\": \"experience description\", \"object\": \"Trained and deployed DL model to forecast solar consumption (15% error)\"}}, {\"added\": {\"name\": \"experience description\", \"object\": \"Conducted extensive analysis and dashboarding on the energy market both fot the company and for their clients\"}}]"}}, {"model": "admin.logentry", "pk": 39, "fields": {"action_time": "2024-07-31T08:39:18.251Z", "user": 1, "content_type": 8, "object_id": "2", "object_repr": "Data scientist - LLM for doctors at Nextage - freelance", "action_flag": 2, "change_message": "[{\"added\": {\"name\": \"experience description\", \"object\": \"Developed innovative software connecting medical texts to codes with embedding methods\"}}, {\"added\": {\"name\": \"experience description\", \"object\": \"Architected a data structure for efficient navigation of codes through NLP, ML alghorythms and clustering\"}}, {\"added\": {\"name\": \"experience description\", \"object\": \"Developed tests and metrics to choose the best ML/AI language models and improve user experience\"}}]"}}, {"model": "admin.logentry", "pk": 40, "fields": {"action_time": "2024-07-31T08:39:42.045Z", "user": 1, "content_type": 8, "object_id": "3", "object_repr": "Postdoctoral researcher - economics/econometrics at University of Milan, Bicocca", "action_flag": 2, "change_message": "[{\"added\": {\"name\": \"experience description\", \"object\": \"Research topics: International trade networks, import-export dynamics, EU-USA productivity gap\"}}, {\"added\": {\"name\": \"experience description\", \"object\": \"Methodologies: econometrics, ML, NLP, network analysis\"}}, {\"added\": {\"name\": \"experience description\", \"object\": \"Teaching on econometircs & inferential statistics\"}}]"}}, {"model": "admin.logentry", "pk": 41, "fields": {"action_time": "2024-07-31T08:40:28.627Z", "user": 1, "content_type": 8, "object_id": "4", "object_repr": "Teacher assistant - data analytics bootcamp at Ironhack", "action_flag": 2, "change_message": "[{\"added\": {\"name\": \"experience description\", \"object\": \"Delivered lectures on Python, SQL, inferential statistics & ML lifecycle to over 20 students\"}}, {\"added\": {\"name\": \"experience description\", \"object\": \"Guided ML and BI projects; maintained quality standards while adhering to deadlines\"}}, {\"added\": {\"name\": \"experience description\", \"object\": \"Instructed exercises on advanced topics such as web scraping, ML, EDA, BI & data visualization\"}}]"}}, {"model": "admin.logentry", "pk": 42, "fields": {"action_time": "2024-07-31T08:40:57.588Z", "user": 1, "content_type": 8, "object_id": "5", "object_repr": "Data analyst - temprary research contract at University of Milano, Bicocca", "action_flag": 2, "change_message": "[{\"added\": {\"name\": \"experience description\", \"object\": \"Statistically demonstrated that participating in ITS initiative increases firms' productivity over time\"}}, {\"added\": {\"name\": \"experience description\", \"object\": \"Created an artificial 'counterfactual' for firms participating in ITS through a matching procedure. This allowed classical econometric modeling.\"}}, {\"added\": {\"name\": \"experience description\", \"object\": \"Delivered a final project and presentation to a political audience\"}}]"}}, {"model": "admin.logentry", "pk": 43, "fields": {"action_time": "2024-07-31T08:41:27.564Z", "user": 1, "content_type": 8, "object_id": "6", "object_repr": "Data analyst - temporary research contract at Regione Lombardia", "action_flag": 2, "change_message": "[{\"added\": {\"name\": \"experience description\", \"object\": \"Effectively managed the primary analysis of the \\\"Youth Guarantee\\\" policy in Lombardia, leveraging over 10 Gb of collected data. Merged and cleaned two data sources accessing individual employment histories\"}}, {\"added\": {\"name\": \"experience description\", \"object\": \"Unveiled that the positive influence of the policy on employability substantially decreases after 6 months of internships\"}}, {\"added\": {\"name\": \"experience description\", \"object\": \"Disclosed possibility for multinational companies to utilize the policy as an inexpensive hiring method\"}}]"}}, {"model": "admin.logentry", "pk": 44, "fields": {"action_time": "2024-07-31T08:45:15.512Z", "user": 1, "content_type": 8, "object_id": "7", "object_repr": "Data analyst - temporary research contract at Piazza dei Mestieri", "action_flag": 2, "change_message": "[{\"added\": {\"name\": \"experience description\", \"object\": \"In charge of the main statistical analysis of the educational initiative \\\"La Piazza Sociale\\\"\"}}, {\"added\": {\"name\": \"experience description\", \"object\": \"Demonstrating the positive effect of the initiative on educational outcomes\"}}, {\"added\": {\"name\": \"experience description\", \"object\": \"Successfully delivered the final report with descriptive and inferential statistics in a short-time window\"}}]"}}, {"model": "admin.logentry", "pk": 45, "fields": {"action_time": "2024-07-31T08:48:40.584Z", "user": 1, "content_type": 7, "object_id": "1", "object_repr": "Ironhack at Data analytics Bootcamp", "action_flag": 2, "change_message": "[{\"added\": {\"name\": \"education description\", \"object\": \"Delivered lectures on Python, SQL, inferential statistics & ML lifecycle to over 20 students\"}}, {\"added\": {\"name\": \"education description\", \"object\": \"Guided ML and BI projects; maintained quality standards while adhering to deadlines\"}}, {\"added\": {\"name\": \"education description\", \"object\": \"Instructed exercises on advanced topics such as web scraping, ML, EDA, BI & data visualization\"}}]"}}, {"model": "admin.logentry", "pk": 46, "fields": {"action_time": "2024-07-31T08:49:28.123Z", "user": 1, "content_type": 7, "object_id": "2", "object_repr": "University of Milano, Bicocca at Ph.D. in Analysis of Social and Economic Processes", "action_flag": 2, "change_message": "[{\"added\": {\"name\": \"education description\", \"object\": \"Research topic: the role of personality traits on unemployment and over-employment\"}}, {\"added\": {\"name\": \"education description\", \"object\": \"Delivered lectures and labs on statistical inference, econometrics, Stata, Python\"}}, {\"added\": {\"name\": \"education description\", \"object\": \"Ph.D. student leader\"}}]"}}, {"model": "admin.logentry", "pk": 47, "fields": {"action_time": "2024-07-31T08:51:07.865Z", "user": 1, "content_type": 7, "object_id": "1", "object_repr": "Ironhack at Data analytics Bootcamp", "action_flag": 2, "change_message": "[{\"changed\": {\"name\": \"education description\", \"object\": \"Topics: EDA, data visualization, Business intelligence, web scraping, API machine learning\", \"fields\": [\"Description\"]}}, {\"changed\": {\"name\": \"education description\", \"object\": \"Winner for the best project: \\\"Rock Scissor Paper with Computer Vision\\\"\", \"fields\": [\"Description\"]}}, {\"deleted\": {\"name\": \"education description\", \"object\": \"Instructed exercises on advanced topics such as web scraping, ML, EDA, BI & data visualization\"}}]"}}, {"model": "admin.logentry", "pk": 48, "fields": {"action_time": "2024-07-31T08:51:12.814Z", "user": 1, "content_type": 7, "object_id": "3", "object_repr": "University of Milano, Bicocca at MA in Anthropology", "action_flag": 2, "change_message": "[]"}}, {"model": "admin.logentry", "pk": 49, "fields": {"action_time": "2024-08-06T23:22:16.249Z", "user": 1, "content_type": 8, "object_id": "7", "object_repr": "Data analyst at Piazza dei Mestieri", "action_flag": 2, "change_message": "[{\"changed\": {\"fields\": [\"Title\", \"Subtitle\", \"Role\"]}}]"}}, {"model": "admin.logentry", "pk": 50, "fields": {"action_time": "2024-08-06T23:22:21.278Z", "user": 1, "content_type": 8, "object_id": "7", "object_repr": "Data analyst at Piazza dei Mestieri", "action_flag": 2, "change_message": "[]"}}, {"model": "admin.logentry", "pk": 51, "fields": {"action_time": "2024-08-06T23:22:45.681Z", "user": 1, "content_type": 8, "object_id": "6", "object_repr": "Data analyst at Regione Lombardia", "action_flag": 2, "change_message": "[{\"changed\": {\"fields\": [\"Title\", \"Subtitle\", \"Role\"]}}]"}}, {"model": "admin.logentry", "pk": 52, "fields": {"action_time": "2024-08-06T23:23:05.599Z", "user": 1, "content_type": 8, "object_id": "5", "object_repr": "Data analyst at University of Milano, Bicocca", "action_flag": 2, "change_message": "[{\"changed\": {\"fields\": [\"Title\", \"Subtitle\", \"Role\"]}}]"}}, {"model": "admin.logentry", "pk": 53, "fields": {"action_time": "2024-08-06T23:23:39.044Z", "user": 1, "content_type": 8, "object_id": "4", "object_repr": "Teacher assistant, data analytics bootcamp at Ironhack", "action_flag": 2, "change_message": "[{\"changed\": {\"fields\": [\"Title\", \"Subtitle\", \"Role\", \"End date\"]}}]"}}, {"model": "admin.logentry", "pk": 54, "fields": {"action_time": "2024-08-06T23:24:21.736Z", "user": 1, "content_type": 8, "object_id": "3", "object_repr": "Postdoctoral researcher, Economics at University of Milan, Bicocca", "action_flag": 2, "change_message": "[{\"changed\": {\"fields\": [\"Title\", \"Subtitle\", \"Role\"]}}]"}}, {"model": "admin.logentry", "pk": 55, "fields": {"action_time": "2024-08-06T23:25:05.508Z", "user": 1, "content_type": 8, "object_id": "2", "object_repr": "Data scientist - freelance at Nextage", "action_flag": 2, "change_message": "[{\"changed\": {\"fields\": [\"Title\", \"Company\", \"Subtitle\", \"Role\"]}}]"}}, {"model": "admin.logentry", "pk": 56, "fields": {"action_time": "2024-08-06T23:25:22.257Z", "user": 1, "content_type": 8, "object_id": "1", "object_repr": "Data scientist at Noos Energy", "action_flag": 2, "change_message": "[{\"changed\": {\"fields\": [\"Title\", \"Subtitle\", \"Role\"]}}]"}}, {"model": "admin.logentry", "pk": 57, "fields": {"action_time": "2024-08-06T23:25:38.495Z", "user": 1, "content_type": 8, "object_id": "4", "object_repr": "Teacher assistant at Ironhack", "action_flag": 2, "change_message": "[{\"changed\": {\"fields\": [\"Title\"]}}]"}}, {"model": "admin.logentry", "pk": 58, "fields": {"action_time": "2024-08-06T23:26:05.528Z", "user": 1, "content_type": 8, "object_id": "2", "object_repr": "Data scientist at Nextage", "action_flag": 2, "change_message": "[{\"changed\": {\"fields\": [\"Title\"]}}]"}}, {"model": "admin.logentry", "pk": 59, "fields": {"action_time": "2024-08-07T08:37:11.241Z", "user": 1, "content_type": 7, "object_id": "2", "object_repr": "Bicocca University at Ph.D. Sociology", "action_flag": 2, "change_message": "[{\"changed\": {\"fields\": [\"Title\", \"Institution\", \"Subtitle\"]}}]"}}, {"model": "admin.logentry", "pk": 60, "fields": {"action_time": "2024-08-07T08:37:21.560Z", "user": 1, "content_type": 8, "object_id": "7", "object_repr": "Data analyst at Piazza dei Mestieri", "action_flag": 2, "change_message": "[{\"changed\": {\"fields\": [\"Subtitle\"]}}]"}}, {"model": "admin.logentry", "pk": 61, "fields": {"action_time": "2024-08-07T08:37:27.500Z", "user": 1, "content_type": 8, "object_id": "5", "object_repr": "Data analyst at Bicocca University", "action_flag": 2, "change_message": "[{\"changed\": {\"fields\": [\"Company\"]}}]"}}, {"model": "admin.logentry", "pk": 62, "fields": {"action_time": "2024-08-07T08:37:32.537Z", "user": 1, "content_type": 8, "object_id": "4", "object_repr": "Teacher assistant at Ironhack", "action_flag": 2, "change_message": "[]"}}, {"model": "admin.logentry", "pk": 63, "fields": {"action_time": "2024-08-07T08:37:40.803Z", "user": 1, "content_type": 8, "object_id": "3", "object_repr": "Postdoc, Economics at Bicocca University", "action_flag": 2, "change_message": "[{\"changed\": {\"fields\": [\"Title\", \"Company\"]}}]"}}, {"model": "admin.logentry", "pk": 64, "fields": {"action_time": "2024-08-07T08:37:47.840Z", "user": 1, "content_type": 8, "object_id": "3", "object_repr": "Postdoc, Economics at Bicocca University", "action_flag": 2, "change_message": "[]"}}, {"model": "admin.logentry", "pk": 65, "fields": {"action_time": "2024-08-07T08:37:52.392Z", "user": 1, "content_type": 8, "object_id": "1", "object_repr": "Data scientist at Noos Energy", "action_flag": 2, "change_message": "[]"}}, {"model": "admin.logentry", "pk": 66, "fields": {"action_time": "2024-08-07T08:37:58.352Z", "user": 1, "content_type": 8, "object_id": "2", "object_repr": "Data scientist at Nextage", "action_flag": 2, "change_message": "[]"}}, {"model": "admin.logentry", "pk": 67, "fields": {"action_time": "2024-08-07T08:38:06.466Z", "user": 1, "content_type": 8, "object_id": "6", "object_repr": "Data analyst at Regione Lombardia", "action_flag": 2, "change_message": "[]"}}, {"model": "admin.logentry", "pk": 68, "fields": {"action_time": "2024-08-09T21:59:12.103Z", "user": 1, "content_type": 8, "object_id": "3", "object_repr": "Postdoc, Economics at Bicocca University", "action_flag": 2, "change_message": "[{\"changed\": {\"fields\": [\"Role\"]}}]"}}, {"model": "admin.logentry", "pk": 69, "fields": {"action_time": "2024-08-09T22:00:49.842Z", "user": 1, "content_type": 7, "object_id": "4", "object_repr": "University of Genova at BA in Psychology", "action_flag": 2, "change_message": "[{\"changed\": {\"fields\": [\"Role\"]}}]"}}, {"model": "admin.logentry", "pk": 70, "fields": {"action_time": "2024-08-09T22:00:56.164Z", "user": 1, "content_type": 7, "object_id": "3", "object_repr": "University of Milano, Bicocca at MA in Anthropology", "action_flag": 2, "change_message": "[{\"changed\": {\"fields\": [\"Role\"]}}]"}}, {"model": "admin.logentry", "pk": 71, "fields": {"action_time": "2024-08-09T22:01:04.120Z", "user": 1, "content_type": 7, "object_id": "2", "object_repr": "Bicocca University at Ph.D. Sociology", "action_flag": 2, "change_message": "[{\"changed\": {\"fields\": [\"Role\"]}}]"}}, {"model": "admin.logentry", "pk": 72, "fields": {"action_time": "2024-08-09T22:01:34.950Z", "user": 1, "content_type": 7, "object_id": "1", "object_repr": "Ironhack at Data analytics Bootcamp", "action_flag": 2, "change_message": "[{\"changed\": {\"fields\": [\"Role\"]}}]"}}, {"model": "admin.logentry", "pk": 73, "fields": {"action_time": "2024-08-09T22:02:03.345Z", "user": 1, "content_type": 8, "object_id": "4", "object_repr": "Teacher assistant at Ironhack", "action_flag": 2, "change_message": "[{\"changed\": {\"fields\": [\"Subtitle\", \"Role\"]}}]"}}, {"model": "admin.logentry", "pk": 74, "fields": {"action_time": "2024-08-09T22:24:26.487Z", "user": 1, "content_type": 8, "object_id": "6", "object_repr": "Data analyst at Regione Lombardia", "action_flag": 2, "change_message": "[{\"changed\": {\"fields\": [\"Start date\", \"End date\"]}}]"}}, {"model": "admin.logentry", "pk": 75, "fields": {"action_time": "2024-08-09T22:25:50.087Z", "user": 1, "content_type": 8, "object_id": "6", "object_repr": "Data analyst at Regione Lombardia", "action_flag": 2, "change_message": "[{\"changed\": {\"fields\": [\"Start date\", \"End date\"]}}]"}}, {"model": "admin.logentry", "pk": 76, "fields": {"action_time": "2024-08-09T22:26:23.283Z", "user": 1, "content_type": 8, "object_id": "7", "object_repr": "Data analyst at Piazza dei Mestieri", "action_flag": 2, "change_message": "[{\"changed\": {\"fields\": [\"Start date\", \"End date\"]}}]"}}, {"model": "admin.logentry", "pk": 77, "fields": {"action_time": "2024-08-10T00:49:38.458Z", "user": 1, "content_type": 7, "object_id": "2", "object_repr": "Bicocca University at Ph.D. Sociology", "action_flag": 2, "change_message": "[{\"changed\": {\"name\": \"education description\", \"object\": \"<strong>Research topic<strong>: the role of personality traits on unemployment and over-employment\", \"fields\": [\"Description\"]}}]"}}, {"model": "admin.logentry", "pk": 78, "fields": {"action_time": "2024-08-10T00:50:18.768Z", "user": 1, "content_type": 7, "object_id": "2", "object_repr": "Bicocca University at Ph.D. Sociology", "action_flag": 2, "change_message": "[{\"changed\": {\"name\": \"education description\", \"object\": \"<strong>Research topic</strong>: the role of personality traits on unemployment and over-employment\", \"fields\": [\"Description\"]}}]"}}, {"model": "admin.logentry", "pk": 79, "fields": {"action_time": "2024-08-10T00:50:56.592Z", "user": 1, "content_type": 7, "object_id": "1", "object_repr": "Ironhack at Data analytics Bootcamp", "action_flag": 2, "change_message": "[{\"changed\": {\"name\": \"education description\", \"object\": \"<strong>Topics</strong>: EDA, data visualization, Business intelligence, web scraping, API machine learning\", \"fields\": [\"Description\"]}}, {\"changed\": {\"name\": \"education description\", \"object\": \"Winner for the <strong>best project</strong>: \\\"Rock Scissor Paper with Computer Vision\\\"\", \"fields\": [\"Description\"]}}]"}}, {"model": "admin.logentry", "pk": 80, "fields": {"action_time": "2024-08-10T00:51:43.629Z", "user": 1, "content_type": 8, "object_id": "1", "object_repr": "Data scientist at Noos Energy", "action_flag": 2, "change_message": "[{\"changed\": {\"name\": \"experience description\", \"object\": \"Increase the <strong>accuracy</strong> of energy forecasting by <strong>2-4%</strong> with deep learning\", \"fields\": [\"Description\"]}}, {\"changed\": {\"name\": \"experience description\", \"object\": \"Trained and deployed DL model to <strong>forecast solar consumption</strong> (15% error)\", \"fields\": [\"Description\"]}}]"}}, {"model": "admin.logentry", "pk": 81, "fields": {"action_time": "2024-08-10T00:52:20.809Z", "user": 1, "content_type": 8, "object_id": "2", "object_repr": "Data scientist at Nextage", "action_flag": 2, "change_message": "[{\"changed\": {\"name\": \"experience description\", \"object\": \"Developed innovative software connecting medical texts to codes with <strong>NLP embedding methods</strong>\", \"fields\": [\"Description\"]}}, {\"changed\": {\"name\": \"experience description\", \"object\": \"<strong>Developed tests and metrics</strong> to choose the best ML/AI language models and improve user experience\", \"fields\": [\"Description\"]}}]"}}, {"model": "admin.logentry", "pk": 82, "fields": {"action_time": "2024-08-10T00:52:39.115Z", "user": 1, "content_type": 8, "object_id": "3", "object_repr": "Postdoc, Economics at Bicocca University", "action_flag": 2, "change_message": "[{\"changed\": {\"name\": \"experience description\", \"object\": \"<strong>Research topics</strong>: International trade networks, import-export dynamics, EU-USA productivity gap\", \"fields\": [\"Description\"]}}, {\"changed\": {\"name\": \"experience description\", \"object\": \"<strong>Methodologies</strong>: econometrics, ML, NLP, network analysis\", \"fields\": [\"Description\"]}}]"}}, {"model": "admin.logentry", "pk": 83, "fields": {"action_time": "2024-08-10T00:52:46.432Z", "user": 1, "content_type": 8, "object_id": "4", "object_repr": "Teacher assistant at Ironhack", "action_flag": 2, "change_message": "[]"}}, {"model": "admin.logentry", "pk": 84, "fields": {"action_time": "2024-08-10T00:55:50.565Z", "user": 1, "content_type": 8, "object_id": "5", "object_repr": "Data analyst at Bicocca University", "action_flag": 2, "change_message": "[]"}}, {"model": "admin.logentry", "pk": 85, "fields": {"action_time": "2024-08-10T00:57:02.422Z", "user": 1, "content_type": 8, "object_id": "3", "object_repr": "Postdoc, Economics at Bicocca University", "action_flag": 2, "change_message": "[]"}}, {"model": "admin.logentry", "pk": 86, "fields": {"action_time": "2024-08-17T00:06:02.346Z", "user": 1, "content_type": 8, "object_id": "1", "object_repr": "Data scientist at Noos Energy", "action_flag": 2, "change_message": "[{\"deleted\": {\"name\": \"experience description\", \"object\": \"Conducted extensive analysis and dashboarding on the energy market both fot the company and for their clients\"}}, {\"deleted\": {\"name\": \"experience image\", \"object\": \"ExperienceImage object (None)\"}}]"}}, {"model": "admin.logentry", "pk": 87, "fields": {"action_time": "2024-08-17T00:11:55.664Z", "user": 1, "content_type": 8, "object_id": "2", "object_repr": "Data scientist at Nextage", "action_flag": 2, "change_message": "[{\"deleted\": {\"name\": \"experience image\", \"object\": \"ExperienceImage object (None)\"}}]"}}, {"model": "admin.logentry", "pk": 88, "fields": {"action_time": "2024-08-17T00:12:06.918Z", "user": 1, "content_type": 8, "object_id": "2", "object_repr": "Data scientist at Nextage", "action_flag": 2, "change_message": "[{\"deleted\": {\"name\": \"experience image\", \"object\": \"ExperienceImage object (None)\"}}]"}}, {"model": "admin.logentry", "pk": 89, "fields": {"action_time": "2024-08-17T00:12:17.340Z", "user": 1, "content_type": 8, "object_id": "3", "object_repr": "Postdoc, Economics at Bicocca University", "action_flag": 2, "change_message": "[{\"deleted\": {\"name\": \"experience image\", \"object\": \"ExperienceImage object (None)\"}}]"}}, {"model": "admin.logentry", "pk": 90, "fields": {"action_time": "2024-08-17T00:12:21.617Z", "user": 1, "content_type": 8, "object_id": "4", "object_repr": "Teacher assistant at Ironhack", "action_flag": 2, "change_message": "[{\"deleted\": {\"name\": \"experience image\", \"object\": \"ExperienceImage object (None)\"}}]"}}, {"model": "admin.logentry", "pk": 91, "fields": {"action_time": "2024-08-17T00:12:25.771Z", "user": 1, "content_type": 8, "object_id": "5", "object_repr": "Data analyst at Bicocca University", "action_flag": 2, "change_message": "[{\"deleted\": {\"name\": \"experience image\", \"object\": \"ExperienceImage object (None)\"}}]"}}, {"model": "admin.logentry", "pk": 92, "fields": {"action_time": "2024-08-17T00:12:29.515Z", "user": 1, "content_type": 8, "object_id": "5", "object_repr": "Data analyst at Bicocca University", "action_flag": 2, "change_message": "[]"}}, {"model": "admin.logentry", "pk": 93, "fields": {"action_time": "2024-08-17T00:12:34.546Z", "user": 1, "content_type": 8, "object_id": "6", "object_repr": "Data analyst at Regione Lombardia", "action_flag": 2, "change_message": "[{\"deleted\": {\"name\": \"experience image\", \"object\": \"ExperienceImage object (None)\"}}]"}}, {"model": "admin.logentry", "pk": 94, "fields": {"action_time": "2024-08-17T00:12:41.607Z", "user": 1, "content_type": 8, "object_id": "7", "object_repr": "Data analyst at Piazza dei Mestieri", "action_flag": 2, "change_message": "[{\"deleted\": {\"name\": \"experience image\", \"object\": \"ExperienceImage object (None)\"}}]"}}, {"model": "admin.logentry", "pk": 95, "fields": {"action_time": "2024-08-17T00:12:59.258Z", "user": 1, "content_type": 7, "object_id": "1", "object_repr": "Ironhack at Data analytics Bootcamp", "action_flag": 2, "change_message": "[{\"deleted\": {\"name\": \"education image\", \"object\": \"EducationImage object (None)\"}}, {\"deleted\": {\"name\": \"education image\", \"object\": \"EducationImage object (None)\"}}, {\"deleted\": {\"name\": \"education image\", \"object\": \"EducationImage object (None)\"}}, {\"deleted\": {\"name\": \"education image\", \"object\": \"EducationImage object (None)\"}}, {\"deleted\": {\"name\": \"education image\", \"object\": \"EducationImage object (None)\"}}, {\"deleted\": {\"name\": \"education image\", \"object\": \"EducationImage object (None)\"}}, {\"deleted\": {\"name\": \"education image\", \"object\": \"EducationImage object (None)\"}}, {\"deleted\": {\"name\": \"education image\", \"object\": \"EducationImage object (None)\"}}, {\"deleted\": {\"name\": \"education image\", \"object\": \"EducationImage object (None)\"}}]"}}, {"model": "admin.logentry", "pk": 96, "fields": {"action_time": "2024-08-17T00:13:03.922Z", "user": 1, "content_type": 7, "object_id": "3", "object_repr": "University of Milano, Bicocca at MA in Anthropology", "action_flag": 2, "change_message": "[]"}}, {"model": "admin.logentry", "pk": 97, "fields": {"action_time": "2024-08-17T00:13:06.493Z", "user": 1, "content_type": 7, "object_id": "2", "object_repr": "Bicocca University at Ph.D. Sociology", "action_flag": 2, "change_message": "[]"}}, {"model": "admin.logentry", "pk": 98, "fields": {"action_time": "2024-08-17T00:13:09.091Z", "user": 1, "content_type": 7, "object_id": "1", "object_repr": "Ironhack at Data analytics Bootcamp", "action_flag": 2, "change_message": "[]"}}, {"model": "admin.logentry", "pk": 99, "fields": {"action_time": "2024-08-17T14:38:16.932Z", "user": 1, "content_type": 7, "object_id": "4", "object_repr": "University of Genova at BA in Psychology", "action_flag": 2, "change_message": "[{\"added\": {\"name\": \"education image\", \"object\": \"EducationImage object (12)\"}}]"}}, {"model": "admin.logentry", "pk": 100, "fields": {"action_time": "2024-08-17T14:39:31.387Z", "user": 1, "content_type": 7, "object_id": "3", "object_repr": "University of Milano, Bicocca at MA in Anthropology", "action_flag": 2, "change_message": "[{\"added\": {\"name\": \"education image\", \"object\": \"EducationImage object (13)\"}}]"}}, {"model": "admin.logentry", "pk": 101, "fields": {"action_time": "2024-08-17T14:39:38.980Z", "user": 1, "content_type": 7, "object_id": "2", "object_repr": "Bicocca University at Ph.D. Sociology", "action_flag": 2, "change_message": "[{\"added\": {\"name\": \"education image\", \"object\": \"EducationImage object (14)\"}}]"}}, {"model": "admin.logentry", "pk": 102, "fields": {"action_time": "2024-08-17T14:39:45.594Z", "user": 1, "content_type": 7, "object_id": "1", "object_repr": "Ironhack at Data analytics Bootcamp", "action_flag": 2, "change_message": "[{\"added\": {\"name\": \"education image\", \"object\": \"EducationImage object (15)\"}}]"}}, {"model": "admin.logentry", "pk": 103, "fields": {"action_time": "2024-08-17T14:40:02.784Z", "user": 1, "content_type": 8, "object_id": "7", "object_repr": "Data analyst at Piazza dei Mestieri", "action_flag": 2, "change_message": "[{\"added\": {\"name\": \"experience image\", \"object\": \"ExperienceImage object (10)\"}}]"}}, {"model": "admin.logentry", "pk": 104, "fields": {"action_time": "2024-08-17T14:40:17.871Z", "user": 1, "content_type": 8, "object_id": "6", "object_repr": "Data analyst at Regione Lombardia", "action_flag": 2, "change_message": "[{\"added\": {\"name\": \"experience image\", \"object\": \"ExperienceImage object (11)\"}}]"}}, {"model": "admin.logentry", "pk": 105, "fields": {"action_time": "2024-08-17T14:40:25.175Z", "user": 1, "content_type": 8, "object_id": "5", "object_repr": "Data analyst at Bicocca University", "action_flag": 2, "change_message": "[{\"added\": {\"name\": \"experience image\", \"object\": \"ExperienceImage object (12)\"}}]"}}, {"model": "admin.logentry", "pk": 106, "fields": {"action_time": "2024-08-17T14:40:30.741Z", "user": 1, "content_type": 8, "object_id": "4", "object_repr": "Teacher assistant at Ironhack", "action_flag": 2, "change_message": "[{\"added\": {\"name\": \"experience image\", \"object\": \"ExperienceImage object (13)\"}}]"}}, {"model": "admin.logentry", "pk": 107, "fields": {"action_time": "2024-08-17T14:40:37.502Z", "user": 1, "content_type": 8, "object_id": "3", "object_repr": "Postdoc, Economics at Bicocca University", "action_flag": 2, "change_message": "[{\"added\": {\"name\": \"experience image\", \"object\": \"ExperienceImage object (14)\"}}]"}}, {"model": "admin.logentry", "pk": 108, "fields": {"action_time": "2024-08-17T14:40:44.837Z", "user": 1, "content_type": 8, "object_id": "2", "object_repr": "Data scientist at Nextage", "action_flag": 2, "change_message": "[{\"added\": {\"name\": \"experience image\", \"object\": \"ExperienceImage object (15)\"}}]"}}, {"model": "admin.logentry", "pk": 109, "fields": {"action_time": "2024-08-17T14:40:50.099Z", "user": 1, "content_type": 8, "object_id": "1", "object_repr": "Data scientist at Noos Energy", "action_flag": 2, "change_message": "[]"}}, {"model": "admin.logentry", "pk": 110, "fields": {"action_time": "2024-08-18T09:39:08.511Z", "user": 1, "content_type": 8, "object_id": "3", "object_repr": "Postdoc, Economics at Bicocca University", "action_flag": 2, "change_message": "[{\"changed\": {\"name\": \"experience image\", \"object\": \"ExperienceImage object (14)\", \"fields\": [\"Image\"]}}]"}}, {"model": "admin.logentry", "pk": 111, "fields": {"action_time": "2024-08-25T20:10:19.964Z", "user": 1, "content_type": 7, "object_id": "2", "object_repr": "Bicocca University at Ph.D. Sociology", "action_flag": 2, "change_message": "[{\"deleted\": {\"name\": \"education image\", \"object\": \"EducationImage object (None)\"}}]"}}, {"model": "admin.logentry", "pk": 112, "fields": {"action_time": "2024-08-25T20:11:25.091Z", "user": 1, "content_type": 7, "object_id": "2", "object_repr": "Bicocca University at Ph.D. Sociology", "action_flag": 2, "change_message": "[{\"added\": {\"name\": \"education image\", \"object\": \"EducationImage object (16)\"}}]"}}, {"model": "admin.logentry", "pk": 113, "fields": {"action_time": "2024-08-25T20:11:36.481Z", "user": 1, "content_type": 7, "object_id": "2", "object_repr": "Bicocca University at Ph.D. Sociology", "action_flag": 2, "change_message": "[{\"deleted\": {\"name\": \"education image\", \"object\": \"EducationImage object (None)\"}}]"}}, {"model": "admin.logentry", "pk": 114, "fields": {"action_time": "2024-08-25T20:19:59.309Z", "user": 1, "content_type": 8, "object_id": "6", "object_repr": "Data analyst at Regione Lombardia", "action_flag": 2, "change_message": "[]"}}, {"model": "admin.logentry", "pk": 115, "fields": {"action_time": "2024-08-25T20:21:54.967Z", "user": 1, "content_type": 8, "object_id": "3", "object_repr": "Postdoc, Economics at Bicocca University", "action_flag": 2, "change_message": "[{\"changed\": {\"name\": \"experience image\", \"object\": \"ExperienceImage object (14)\", \"fields\": [\"Image\"]}}]"}}, {"model": "admin.logentry", "pk": 116, "fields": {"action_time": "2024-08-25T20:22:46.655Z", "user": 1, "content_type": 7, "object_id": "3", "object_repr": "University of Milano, Bicocca at MA in Anthropology", "action_flag": 2, "change_message": "[{\"changed\": {\"name\": \"education image\", \"object\": \"EducationImage object (13)\", \"fields\": [\"Image\"]}}]"}}, {"model": "admin.logentry", "pk": 117, "fields": {"action_time": "2024-08-25T20:22:55.687Z", "user": 1, "content_type": 7, "object_id": "2", "object_repr": "Bicocca University at Ph.D. Sociology", "action_flag": 2, "change_message": "[{\"added\": {\"name\": \"education image\", \"object\": \"EducationImage object (17)\"}}]"}}, {"model": "auth.permission", "pk": 1, "fields": {"name": "Can add log entry", "content_type": 1, "codename": "add_logentry"}}, {"model": "auth.permission", "pk": 2, "fields": {"name": "Can change log entry", "content_type": 1, "codename": "change_logentry"}}, {"model": "auth.permission", "pk": 3, "fields": {"name": "Can delete log entry", "content_type": 1, "codename": "delete_logentry"}}, {"model": "auth.permission", "pk": 4, "fields": {"name": "Can view log entry", "content_type": 1, "codename": "view_logentry"}}, {"model": "auth.permission", "pk": 5, "fields": {"name": "Can add permission", "content_type": 2, "codename": "add_permission"}}, {"model": "auth.permission", "pk": 6, "fields": {"name": "Can change permission", "content_type": 2, "codename": "change_permission"}}, {"model": "auth.permission", "pk": 7, "fields": {"name": "Can delete permission", "content_type": 2, "codename": "delete_permission"}}, {"model": "auth.permission", "pk": 8, "fields": {"name": "Can view permission", "content_type": 2, "codename": "view_permission"}}, {"model": "auth.permission", "pk": 9, "fields": {"name": "Can add group", "content_type": 3, "codename": "add_group"}}, {"model": "auth.permission", "pk": 10, "fields": {"name": "Can change group", "content_type": 3, "codename": "change_group"}}, {"model": "auth.permission", "pk": 11, "fields": {"name": "Can delete group", "content_type": 3, "codename": "delete_group"}}, {"model": "auth.permission", "pk": 12, "fields": {"name": "Can view group", "content_type": 3, "codename": "view_group"}}, {"model": "auth.permission", "pk": 13, "fields": {"name": "Can add user", "content_type": 4, "codename": "add_user"}}, {"model": "auth.permission", "pk": 14, "fields": {"name": "Can change user", "content_type": 4, "codename": "change_user"}}, {"model": "auth.permission", "pk": 15, "fields": {"name": "Can delete user", "content_type": 4, "codename": "delete_user"}}, {"model": "auth.permission", "pk": 16, "fields": {"name": "Can view user", "content_type": 4, "codename": "view_user"}}, {"model": "auth.permission", "pk": 17, "fields": {"name": "Can add content type", "content_type": 5, "codename": "add_contenttype"}}, {"model": "auth.permission", "pk": 18, "fields": {"name": "Can change content type", "content_type": 5, "codename": "change_contenttype"}}, {"model": "auth.permission", "pk": 19, "fields": {"name": "Can delete content type", "content_type": 5, "codename": "delete_contenttype"}}, {"model": "auth.permission", "pk": 20, "fields": {"name": "Can view content type", "content_type": 5, "codename": "view_contenttype"}}, {"model": "auth.permission", "pk": 21, "fields": {"name": "Can add session", "content_type": 6, "codename": "add_session"}}, {"model": "auth.permission", "pk": 22, "fields": {"name": "Can change session", "content_type": 6, "codename": "change_session"}}, {"model": "auth.permission", "pk": 23, "fields": {"name": "Can delete session", "content_type": 6, "codename": "delete_session"}}, {"model": "auth.permission", "pk": 24, "fields": {"name": "Can view session", "content_type": 6, "codename": "view_session"}}, {"model": "auth.permission", "pk": 25, "fields": {"name": "Can add education", "content_type": 7, "codename": "add_education"}}, {"model": "auth.permission", "pk": 26, "fields": {"name": "Can change education", "content_type": 7, "codename": "change_education"}}, {"model": "auth.permission", "pk": 27, "fields": {"name": "Can delete education", "content_type": 7, "codename": "delete_education"}}, {"model": "auth.permission", "pk": 28, "fields": {"name": "Can view education", "content_type": 7, "codename": "view_education"}}, {"model": "auth.permission", "pk": 29, "fields": {"name": "Can add experience", "content_type": 8, "codename": "add_experience"}}, {"model": "auth.permission", "pk": 30, "fields": {"name": "Can change experience", "content_type": 8, "codename": "change_experience"}}, {"model": "auth.permission", "pk": 31, "fields": {"name": "Can delete experience", "content_type": 8, "codename": "delete_experience"}}, {"model": "auth.permission", "pk": 32, "fields": {"name": "Can view experience", "content_type": 8, "codename": "view_experience"}}, {"model": "auth.permission", "pk": 33, "fields": {"name": "Can add experience description", "content_type": 9, "codename": "add_experiencedescription"}}, {"model": "auth.permission", "pk": 34, "fields": {"name": "Can change experience description", "content_type": 9, "codename": "change_experiencedescription"}}, {"model": "auth.permission", "pk": 35, "fields": {"name": "Can delete experience description", "content_type": 9, "codename": "delete_experiencedescription"}}, {"model": "auth.permission", "pk": 36, "fields": {"name": "Can view experience description", "content_type": 9, "codename": "view_experiencedescription"}}, {"model": "auth.permission", "pk": 37, "fields": {"name": "Can add education description", "content_type": 10, "codename": "add_educationdescription"}}, {"model": "auth.permission", "pk": 38, "fields": {"name": "Can change education description", "content_type": 10, "codename": "change_educationdescription"}}, {"model": "auth.permission", "pk": 39, "fields": {"name": "Can delete education description", "content_type": 10, "codename": "delete_educationdescription"}}, {"model": "auth.permission", "pk": 40, "fields": {"name": "Can view education description", "content_type": 10, "codename": "view_educationdescription"}}, {"model": "auth.permission", "pk": 41, "fields": {"name": "Can add education image", "content_type": 11, "codename": "add_educationimage"}}, {"model": "auth.permission", "pk": 42, "fields": {"name": "Can change education image", "content_type": 11, "codename": "change_educationimage"}}, {"model": "auth.permission", "pk": 43, "fields": {"name": "Can delete education image", "content_type": 11, "codename": "delete_educationimage"}}, {"model": "auth.permission", "pk": 44, "fields": {"name": "Can view education image", "content_type": 11, "codename": "view_educationimage"}}, {"model": "auth.permission", "pk": 45, "fields": {"name": "Can add experience image", "content_type": 12, "codename": "add_experienceimage"}}, {"model": "auth.permission", "pk": 46, "fields": {"name": "Can change experience image", "content_type": 12, "codename": "change_experienceimage"}}, {"model": "auth.permission", "pk": 47, "fields": {"name": "Can delete experience image", "content_type": 12, "codename": "delete_experienceimage"}}, {"model": "auth.permission", "pk": 48, "fields": {"name": "Can view experience image", "content_type": 12, "codename": "view_experienceimage"}}, {"model": "auth.user", "pk": 1, "fields": {"password": "pbkdf2_sha256$720000$3rvsma2ZSRbcU0JWDj9UlA$O8dBwZY17gwTMBpCACB0VGseJLUH3tBXWhf0e3WVWtc=", "last_login": "2024-08-16T23:42:34.481Z", "is_superuser": true, "username": "tommella90", "first_name": "", "last_name": "", "email": "tommaso.ramella90@gmail.com", "is_staff": true, "is_active": true, "date_joined": "2024-07-28T21:56:02.164Z", "groups": [], "user_permissions": []}}, {"model": "contenttypes.contenttype", "pk": 1, "fields": {"app_label": "admin", "model": "logentry"}}, {"model": "contenttypes.contenttype", "pk": 2, "fields": {"app_label": "auth", "model": "permission"}}, {"model": "contenttypes.contenttype", "pk": 3, "fields": {"app_label": "auth", "model": "group"}}, {"model": "contenttypes.contenttype", "pk": 4, "fields": {"app_label": "auth", "model": "user"}}, {"model": "contenttypes.contenttype", "pk": 5, "fields": {"app_label": "contenttypes", "model": "contenttype"}}, {"model": "contenttypes.contenttype", "pk": 6, "fields": {"app_label": "sessions", "model": "session"}}, {"model": "contenttypes.contenttype", "pk": 7, "fields": {"app_label": "cv", "model": "education"}}, {"model": "contenttypes.contenttype", "pk": 8, "fields": {"app_label": "cv", "model": "experience"}}, {"model": "contenttypes.contenttype", "pk": 9, "fields": {"app_label": "cv", "model": "experiencedescription"}}, {"model": "contenttypes.contenttype", "pk": 10, "fields": {"app_label": "cv", "model": "educationdescription"}}, {"model": "contenttypes.contenttype", "pk": 11, "fields": {"app_label": "cv", "model": "educationimage"}}, {"model": "contenttypes.contenttype", "pk": 12, "fields": {"app_label": "cv", "model": "experienceimage"}}, {"model": "sessions.session", "pk": "adrk2oxb5iuijrofjp4o73syactk77na", "fields": {"session_data": ".eJxVjEEOgjAQRe_StWmGdijWpXvOQGY6g0VNSSisjHdXEha6_e-9_zIDbWsetqrLMIm5mMacfjem9NCyA7lTuc02zWVdJra7Yg9abT-LPq-H-3eQqeZvrSCOwxijhwgKCblNDQdwfmycUjuyRCSMHtkJE3on2DGE4LtWBc7m_QHkqze7:1sYBsP:gzHww5VSExp8TI9lO5RmbSyosM4lCFae9gZ05OMRkWk", "expire_date": "2024-08-11T21:56:25.293Z"}}, {"model": "sessions.session", "pk": "ehoh9v0b70bz06ws5qinbcsu0euxhosh", "fields": {"session_data": ".eJxVjEEOgjAQRe_StWmGdijWpXvOQGY6g0VNSSisjHdXEha6_e-9_zIDbWsetqrLMIm5mMacfjem9NCyA7lTuc02zWVdJra7Yg9abT-LPq-H-3eQqeZvrSCOwxijhwgKCblNDQdwfmycUjuyRCSMHtkJE3on2DGE4LtWBc7m_QHkqze7:1sf6aY:HY06L_hNUZTQxxHcTHg5HsAwueMNWC3Dc7i3VMLY-JY", "expire_date": "2024-08-30T23:42:34.484Z"}}, {"model": "cv.education", "pk": 1, "fields": {"title": "Data analytics Bootcamp", "institution": "Ironhack", "subtitle": null, "role": "Data analyst", "location": "Berlin", "grade": null, "start_date": "2022-05-01", "end_date": "2022-08-01", "ranking": 3}}, {"model": "cv.education", "pk": 2, "fields": {"title": "Ph.D. Sociology", "institution": "Bicocca University", "subtitle": "Ph.D. in Analysis of Social and Economic Processes", "role": "Researcher", "location": "Milan", "grade": null, "start_date": "2017-11-01", "end_date": "2020-11-01", "ranking": 4}}, {"model": "cv.education", "pk": 3, "fields": {"title": "MA in Anthropology", "institution": "University of Milano, Bicocca", "subtitle": null, "role": "Student", "location": "Milan", "grade": "110L/110", "start_date": "2013-09-01", "end_date": "2015-03-01", "ranking": 2}}, {"model": "cv.education", "pk": 4, "fields": {"title": "BA in Psychology", "institution": "University of Genova", "subtitle": null, "role": "Student", "location": "Genoa", "grade": "107/110", "start_date": "2010-09-01", "end_date": "2013-03-01", "ranking": 1}}, {"model": "cv.educationimage", "pk": 12, "fields": {"education": 4, "image": "education_images/unige.png"}}, {"model": "cv.educationimage", "pk": 13, "fields": {"education": 3, "image": "education_images/bicocca.png"}}, {"model": "cv.educationimage", "pk": 15, "fields": {"education": 1, "image": "education_images/ironhack.png"}}, {"model": "cv.educationimage", "pk": 17, "fields": {"education": 2, "image": "education_images/bicocca_Xo99QHQ.png"}}, {"model": "cv.educationdescription", "pk": 1, "fields": {"education": 1, "description": "<strong>Topics</strong>: EDA, data visualization, Business intelligence, web scraping, API machine learning"}}, {"model": "cv.educationdescription", "pk": 2, "fields": {"education": 1, "description": "Winner for the <strong>best project</strong>: \"Rock Scissor Paper with Computer Vision\""}}, {"model": "cv.educationdescription", "pk": 4, "fields": {"education": 2, "description": "<strong>Research topic</strong>: the role of personality traits on unemployment and over-employment"}}, {"model": "cv.educationdescription", "pk": 5, "fields": {"education": 2, "description": "Delivered lectures and labs on statistical inference, econometrics, Stata, Python"}}, {"model": "cv.educationdescription", "pk": 6, "fields": {"education": 2, "description": "Ph.D. student leader"}}, {"model": "cv.experience", "pk": 1, "fields": {"title": "Data scientist", "company": "Noos Energy", "subtitle": "Renewable energy market", "role": "Data scientist", "location": "Paris - Remote", "start_date": "2023-03-19", "end_date": null, "ranking": 7}}, {"model": "cv.experience", "pk": 2, "fields": {"title": "Data scientist", "company": "Nextage", "subtitle": "LLM for doctors", "role": "Data scientist", "location": "Genoa (remote)", "start_date": "2022-10-13", "end_date": "2024-02-01", "ranking": 6}}, {"model": "cv.experience", "pk": 3, "fields": {"title": "Postdoc, Economics", "company": "Bicocca University", "subtitle": "EconomicsEconometrics", "role": "Researcher", "location": "Milan", "start_date": "2020-09-01", "end_date": "2023-06-01", "ranking": 5}}, {"model": "cv.experience", "pk": 4, "fields": {"title": "Teacher assistant", "company": "Ironhack", "subtitle": "Data analytics bootcamp, teacher", "role": "Data analyst", "location": "Berlin", "start_date": "2022-10-01", "end_date": "2022-12-21", "ranking": 4}}, {"model": "cv.experience", "pk": 5, "fields": {"title": "Data analyst", "company": "Bicocca University", "subtitle": "Temprary research contract", "role": "Data analyst", "location": "Milan", "start_date": "2020-10-01", "end_date": "2021-04-01", "ranking": 2}}, {"model": "cv.experience", "pk": 6, "fields": {"title": "Data analyst", "company": "Regione Lombardia", "subtitle": "Temporary research contract", "role": "Data analyst", "location": "Milan", "start_date": "2022-02-01", "end_date": "2022-08-01", "ranking": 3}}, {"model": "cv.experience", "pk": 7, "fields": {"title": "Data analyst", "company": "Piazza dei Mestieri", "subtitle": "Temporary research contract", "role": "Data analyst", "location": "Torino (remote)", "start_date": "2021-09-01", "end_date": "2021-12-01", "ranking": 1}}, {"model": "cv.experiencedescription", "pk": 1, "fields": {"experience": 1, "description": "Increase the <strong>accuracy</strong> of energy forecasting by <strong>2-4%</strong> with deep learning"}}, {"model": "cv.experiencedescription", "pk": 2, "fields": {"experience": 1, "description": "Trained and deployed DL model to <strong>forecast solar consumption</strong> (15% error)"}}, {"model": "cv.experiencedescription", "pk": 4, "fields": {"experience": 2, "description": "Developed innovative software connecting medical texts to codes with <strong>NLP embedding methods</strong>"}}, {"model": "cv.experiencedescription", "pk": 5, "fields": {"experience": 2, "description": "Architected a data structure for efficient navigation of codes through NLP, ML alghorythms and clustering"}}, {"model": "cv.experiencedescription", "pk": 6, "fields": {"experience": 2, "description": "<strong>Developed tests and metrics</strong> to choose the best ML/AI language models and improve user experience"}}, {"model": "cv.experiencedescription", "pk": 7, "fields": {"experience": 3, "description": "<strong>Research topics</strong>: International trade networks, import-export dynamics, EU-USA productivity gap"}}, {"model": "cv.experiencedescription", "pk": 8, "fields": {"experience": 3, "description": "<strong>Methodologies</strong>: econometrics, ML, NLP, network analysis"}}, {"model": "cv.experiencedescription", "pk": 9, "fields": {"experience": 3, "description": "Teaching on econometircs & inferential statistics"}}, {"model": "cv.experiencedescription", "pk": 10, "fields": {"experience": 4, "description": "Delivered lectures on Python, SQL, inferential statistics & ML lifecycle to over 20 students"}}, {"model": "cv.experiencedescription", "pk": 11, "fields": {"experience": 4, "description": "Guided ML and BI projects; maintained quality standards while adhering to deadlines"}}, {"model": "cv.experiencedescription", "pk": 12, "fields": {"experience": 4, "description": "Instructed exercises on advanced topics such as web scraping, ML, EDA, BI & data visualization"}}, {"model": "cv.experiencedescription", "pk": 13, "fields": {"experience": 5, "description": "Statistically demonstrated that participating in ITS initiative increases firms' productivity over time"}}, {"model": "cv.experiencedescription", "pk": 14, "fields": {"experience": 5, "description": "Created an artificial 'counterfactual' for firms participating in ITS through a matching procedure. This allowed classical econometric modeling."}}, {"model": "cv.experiencedescription", "pk": 15, "fields": {"experience": 5, "description": "Delivered a final project and presentation to a political audience"}}, {"model": "cv.experiencedescription", "pk": 16, "fields": {"experience": 6, "description": "Effectively managed the primary analysis of the \"Youth Guarantee\" policy in Lombardia, leveraging over 10 Gb of collected data. Merged and cleaned two data sources accessing individual employment histories"}}, {"model": "cv.experiencedescription", "pk": 17, "fields": {"experience": 6, "description": "Unveiled that the positive influence of the policy on employability substantially decreases after 6 months of internships"}}, {"model": "cv.experiencedescription", "pk": 18, "fields": {"experience": 6, "description": "Disclosed possibility for multinational companies to utilize the policy as an inexpensive hiring method"}}, {"model": "cv.experiencedescription", "pk": 19, "fields": {"experience": 7, "description": "In charge of the main statistical analysis of the educational initiative \"La Piazza Sociale\""}}, {"model": "cv.experiencedescription", "pk": 20, "fields": {"experience": 7, "description": "Demonstrating the positive effect of the initiative on educational outcomes"}}, {"model": "cv.experiencedescription", "pk": 21, "fields": {"experience": 7, "description": "Successfully delivered the final report with descriptive and inferential statistics in a short-time window"}}, {"model": "cv.experienceimage", "pk": 9, "fields": {"experience": 1, "image": "experience_images/noos.png"}}, {"model": "cv.experienceimage", "pk": 10, "fields": {"experience": 7, "image": "experience_images/piazza_dei_mestieri.png"}}, {"model": "cv.experienceimage", "pk": 11, "fields": {"experience": 6, "image": "experience_images/regione_lombardia.png"}}, {"model": "cv.experienceimage", "pk": 12, "fields": {"experience": 5, "image": "experience_images/bicocca.png"}}, {"model": "cv.experienceimage", "pk": 13, "fields": {"experience": 4, "image": "experience_images/ironhack.png"}}, {"model": "cv.experienceimage", "pk": 14, "fields": {"experience": 3, "image": "experience_images/bicocca.png"}}, {"model": "cv.experienceimage", "pk": 15, "fields": {"experience": 2, "image": "experience_images/nextage.png"}}]